id,filename
patient_000_node_0,patient_000_node_0/patient_000_node_0.tif
patient_000_node_1,patient_000_node_1/patient_000_node_1.tif
patient_000_node_2,patient_000_node_2/patient_000_node_2.tif
patient_000_node_3,patient_000_node_3/patient_000_node_3.tif
patient_000_node_4,patient_000_node_4/patient_000_node_4.tif
patient_001_node_0,patient_001_node_0/patient_001_node_0.tif
patient_001_node_1,patient_001_node_1/patient_001_node_1.tif
patient_001_node_2,patient_001_node_2/patient_001_node_2.tif
patient_001_node_3,patient_001_node_3/patient_001_node_3.tif
patient_001_node_4,patient_001_node_4/patient_001_node_4.tif
patient_002_node_0,patient_002_node_0/patient_002_node_0.tif
patient_002_node_1,patient_002_node_1/patient_002_node_1.tif
patient_002_node_2,patient_002_node_2/patient_002_node_2.tif
patient_002_node_3,patient_002_node_3/patient_002_node_3.tif
patient_002_node_4,patient_002_node_4/patient_002_node_4.tif
patient_003_node_0,patient_003_node_0/patient_003_node_0.tif
patient_003_node_1,patient_003_node_1/patient_003_node_1.tif
patient_003_node_2,patient_003_node_2/patient_003_node_2.tif
patient_003_node_3,patient_003_node_3/patient_003_node_3.tif
patient_003_node_4,patient_003_node_4/patient_003_node_4.tif
patient_004_node_0,patient_004_node_0/patient_004_node_0.tif
patient_004_node_1,patient_004_node_1/patient_004_node_1.tif
patient_004_node_2,patient_004_node_2/patient_004_node_2.tif
patient_004_node_3,patient_004_node_3/patient_004_node_3.tif
patient_004_node_4,patient_004_node_4/patient_004_node_4.tif
patient_005_node_0,patient_005_node_0/patient_005_node_0.tif
patient_005_node_1,patient_005_node_1/patient_005_node_1.tif
patient_005_node_2,patient_005_node_2/patient_005_node_2.tif
patient_005_node_3,patient_005_node_3/patient_005_node_3.tif
patient_005_node_4,patient_005_node_4/patient_005_node_4.tif
patient_006_node_0,patient_006_node_0/patient_006_node_0.tif
patient_006_node_1,patient_006_node_1/patient_006_node_1.tif
patient_006_node_2,patient_006_node_2/patient_006_node_2.tif
patient_006_node_3,patient_006_node_3/patient_006_node_3.tif
patient_006_node_4,patient_006_node_4/patient_006_node_4.tif
patient_007_node_0,patient_007_node_0/patient_007_node_0.tif
patient_007_node_1,patient_007_node_1/patient_007_node_1.tif
patient_007_node_2,patient_007_node_2/patient_007_node_2.tif
patient_007_node_3,patient_007_node_3/patient_007_node_3.tif
patient_007_node_4,patient_007_node_4/patient_007_node_4.tif
patient_008_node_0,patient_008_node_0/patient_008_node_0.tif
patient_008_node_1,patient_008_node_1/patient_008_node_1.tif
patient_008_node_2,patient_008_node_2/patient_008_node_2.tif
patient_008_node_3,patient_008_node_3/patient_008_node_3.tif
patient_008_node_4,patient_008_node_4/patient_008_node_4.tif
patient_009_node_0,patient_009_node_0/patient_009_node_0.tif
patient_009_node_1,patient_009_node_1/patient_009_node_1.tif
patient_009_node_2,patient_009_node_2/patient_009_node_2.tif
patient_009_node_3,patient_009_node_3/patient_009_node_3.tif
patient_009_node_4,patient_009_node_4/patient_009_node_4.tif
patient_010_node_0,patient_010_node_0/patient_010_node_0.tif
patient_010_node_1,patient_010_node_1/patient_010_node_1.tif
patient_010_node_2,patient_010_node_2/patient_010_node_2.tif
patient_010_node_3,patient_010_node_3/patient_010_node_3.tif
patient_010_node_4,patient_010_node_4/patient_010_node_4.tif
patient_011_node_0,patient_011_node_0/patient_011_node_0.tif
patient_011_node_1,patient_011_node_1/patient_011_node_1.tif
patient_011_node_2,patient_011_node_2/patient_011_node_2.tif
patient_011_node_3,patient_011_node_3/patient_011_node_3.tif
patient_011_node_4,patient_011_node_4/patient_011_node_4.tif
patient_012_node_0,patient_012_node_0/patient_012_node_0.tif
patient_012_node_1,patient_012_node_1/patient_012_node_1.tif
patient_012_node_2,patient_012_node_2/patient_012_node_2.tif
patient_012_node_3,patient_012_node_3/patient_012_node_3.tif
patient_012_node_4,patient_012_node_4/patient_012_node_4.tif
patient_013_node_0,patient_013_node_0/patient_013_node_0.tif
patient_013_node_1,patient_013_node_1/patient_013_node_1.tif
patient_013_node_2,patient_013_node_2/patient_013_node_2.tif
patient_013_node_3,patient_013_node_3/patient_013_node_3.tif
patient_013_node_4,patient_013_node_4/patient_013_node_4.tif
patient_014_node_0,patient_014_node_0/patient_014_node_0.tif
patient_014_node_1,patient_014_node_1/patient_014_node_1.tif
patient_014_node_2,patient_014_node_2/patient_014_node_2.tif
patient_014_node_3,patient_014_node_3/patient_014_node_3.tif
patient_014_node_4,patient_014_node_4/patient_014_node_4.tif
patient_015_node_0,patient_015_node_0/patient_015_node_0.tif
patient_015_node_1,patient_015_node_1/patient_015_node_1.tif
patient_015_node_2,patient_015_node_2/patient_015_node_2.tif
patient_015_node_3,patient_015_node_3/patient_015_node_3.tif
patient_015_node_4,patient_015_node_4/patient_015_node_4.tif
patient_016_node_0,patient_016_node_0/patient_016_node_0.tif
patient_016_node_1,patient_016_node_1/patient_016_node_1.tif
patient_016_node_2,patient_016_node_2/patient_016_node_2.tif
patient_016_node_3,patient_016_node_3/patient_016_node_3.tif
patient_016_node_4,patient_016_node_4/patient_016_node_4.tif
patient_017_node_0,patient_017_node_0/patient_017_node_0.tif
patient_017_node_1,patient_017_node_1/patient_017_node_1.tif
patient_017_node_2,patient_017_node_2/patient_017_node_2.tif
patient_017_node_3,patient_017_node_3/patient_017_node_3.tif
patient_017_node_4,patient_017_node_4/patient_017_node_4.tif
patient_018_node_0,patient_018_node_0/patient_018_node_0.tif
patient_018_node_1,patient_018_node_1/patient_018_node_1.tif
patient_018_node_2,patient_018_node_2/patient_018_node_2.tif
patient_018_node_3,patient_018_node_3/patient_018_node_3.tif
patient_018_node_4,patient_018_node_4/patient_018_node_4.tif
patient_019_node_0,patient_019_node_0/patient_019_node_0.tif
patient_019_node_1,patient_019_node_1/patient_019_node_1.tif
patient_019_node_2,patient_019_node_2/patient_019_node_2.tif
patient_019_node_3,patient_019_node_3/patient_019_node_3.tif
patient_019_node_4,patient_019_node_4/patient_019_node_4.tif
patient_020_node_0,patient_020_node_0/patient_020_node_0.tif
patient_020_node_1,patient_020_node_1/patient_020_node_1.tif
patient_020_node_2,patient_020_node_2/patient_020_node_2.tif
patient_020_node_3,patient_020_node_3/patient_020_node_3.tif
patient_020_node_4,patient_020_node_4/patient_020_node_4.tif
patient_021_node_0,patient_021_node_0/patient_021_node_0.tif
patient_021_node_1,patient_021_node_1/patient_021_node_1.tif
patient_021_node_2,patient_021_node_2/patient_021_node_2.tif
patient_021_node_3,patient_021_node_3/patient_021_node_3.tif
patient_021_node_4,patient_021_node_4/patient_021_node_4.tif
patient_022_node_0,patient_022_node_0/patient_022_node_0.tif
patient_022_node_1,patient_022_node_1/patient_022_node_1.tif
patient_022_node_2,patient_022_node_2/patient_022_node_2.tif
patient_022_node_3,patient_022_node_3/patient_022_node_3.tif
patient_022_node_4,patient_022_node_4/patient_022_node_4.tif
patient_023_node_0,patient_023_node_0/patient_023_node_0.tif
patient_023_node_1,patient_023_node_1/patient_023_node_1.tif
patient_023_node_2,patient_023_node_2/patient_023_node_2.tif
patient_023_node_3,patient_023_node_3/patient_023_node_3.tif
patient_023_node_4,patient_023_node_4/patient_023_node_4.tif
patient_024_node_0,patient_024_node_0/patient_024_node_0.tif
patient_024_node_1,patient_024_node_1/patient_024_node_1.tif
patient_024_node_2,patient_024_node_2/patient_024_node_2.tif
patient_024_node_3,patient_024_node_3/patient_024_node_3.tif
patient_024_node_4,patient_024_node_4/patient_024_node_4.tif
patient_025_node_0,patient_025_node_0/patient_025_node_0.tif
patient_025_node_1,patient_025_node_1/patient_025_node_1.tif
patient_025_node_2,patient_025_node_2/patient_025_node_2.tif
patient_025_node_3,patient_025_node_3/patient_025_node_3.tif
patient_025_node_4,patient_025_node_4/patient_025_node_4.tif
patient_026_node_0,patient_026_node_0/patient_026_node_0.tif
patient_026_node_1,patient_026_node_1/patient_026_node_1.tif
patient_026_node_2,patient_026_node_2/patient_026_node_2.tif
patient_026_node_3,patient_026_node_3/patient_026_node_3.tif
patient_026_node_4,patient_026_node_4/patient_026_node_4.tif
patient_027_node_0,patient_027_node_0/patient_027_node_0.tif
patient_027_node_1,patient_027_node_1/patient_027_node_1.tif
patient_027_node_2,patient_027_node_2/patient_027_node_2.tif
patient_027_node_3,patient_027_node_3/patient_027_node_3.tif
patient_027_node_4,patient_027_node_4/patient_027_node_4.tif
patient_028_node_0,patient_028_node_0/patient_028_node_0.tif
patient_028_node_1,patient_028_node_1/patient_028_node_1.tif
patient_028_node_2,patient_028_node_2/patient_028_node_2.tif
patient_028_node_3,patient_028_node_3/patient_028_node_3.tif
patient_028_node_4,patient_028_node_4/patient_028_node_4.tif
patient_029_node_0,patient_029_node_0/patient_029_node_0.tif
patient_029_node_1,patient_029_node_1/patient_029_node_1.tif
patient_029_node_2,patient_029_node_2/patient_029_node_2.tif
patient_029_node_3,patient_029_node_3/patient_029_node_3.tif
patient_029_node_4,patient_029_node_4/patient_029_node_4.tif
patient_030_node_0,patient_030_node_0/patient_030_node_0.tif
patient_030_node_1,patient_030_node_1/patient_030_node_1.tif
patient_030_node_2,patient_030_node_2/patient_030_node_2.tif
patient_030_node_3,patient_030_node_3/patient_030_node_3.tif
patient_030_node_4,patient_030_node_4/patient_030_node_4.tif
patient_031_node_0,patient_031_node_0/patient_031_node_0.tif
patient_031_node_1,patient_031_node_1/patient_031_node_1.tif
patient_031_node_2,patient_031_node_2/patient_031_node_2.tif
patient_031_node_3,patient_031_node_3/patient_031_node_3.tif
patient_031_node_4,patient_031_node_4/patient_031_node_4.tif
patient_032_node_0,patient_032_node_0/patient_032_node_0.tif
patient_032_node_1,patient_032_node_1/patient_032_node_1.tif
patient_032_node_2,patient_032_node_2/patient_032_node_2.tif
patient_032_node_3,patient_032_node_3/patient_032_node_3.tif
patient_032_node_4,patient_032_node_4/patient_032_node_4.tif
patient_033_node_0,patient_033_node_0/patient_033_node_0.tif
patient_033_node_1,patient_033_node_1/patient_033_node_1.tif
patient_033_node_2,patient_033_node_2/patient_033_node_2.tif
patient_033_node_3,patient_033_node_3/patient_033_node_3.tif
patient_033_node_4,patient_033_node_4/patient_033_node_4.tif
patient_034_node_0,patient_034_node_0/patient_034_node_0.tif
patient_034_node_1,patient_034_node_1/patient_034_node_1.tif
patient_034_node_2,patient_034_node_2/patient_034_node_2.tif
patient_034_node_3,patient_034_node_3/patient_034_node_3.tif
patient_034_node_4,patient_034_node_4/patient_034_node_4.tif
patient_035_node_0,patient_035_node_0/patient_035_node_0.tif
patient_035_node_1,patient_035_node_1/patient_035_node_1.tif
patient_035_node_2,patient_035_node_2/patient_035_node_2.tif
patient_035_node_3,patient_035_node_3/patient_035_node_3.tif
patient_035_node_4,patient_035_node_4/patient_035_node_4.tif
patient_036_node_0,patient_036_node_0/patient_036_node_0.tif
patient_036_node_1,patient_036_node_1/patient_036_node_1.tif
patient_036_node_2,patient_036_node_2/patient_036_node_2.tif
patient_036_node_3,patient_036_node_3/patient_036_node_3.tif
patient_036_node_4,patient_036_node_4/patient_036_node_4.tif
patient_037_node_0,patient_037_node_0/patient_037_node_0.tif
patient_037_node_1,patient_037_node_1/patient_037_node_1.tif
patient_037_node_2,patient_037_node_2/patient_037_node_2.tif
patient_037_node_3,patient_037_node_3/patient_037_node_3.tif
patient_037_node_4,patient_037_node_4/patient_037_node_4.tif
patient_038_node_0,patient_038_node_0/patient_038_node_0.tif
patient_038_node_1,patient_038_node_1/patient_038_node_1.tif
patient_038_node_2,patient_038_node_2/patient_038_node_2.tif
patient_038_node_3,patient_038_node_3/patient_038_node_3.tif
patient_038_node_4,patient_038_node_4/patient_038_node_4.tif
patient_039_node_0,patient_039_node_0/patient_039_node_0.tif
patient_039_node_1,patient_039_node_1/patient_039_node_1.tif
patient_039_node_2,patient_039_node_2/patient_039_node_2.tif
patient_039_node_3,patient_039_node_3/patient_039_node_3.tif
patient_039_node_4,patient_039_node_4/patient_039_node_4.tif
patient_040_node_0,patient_040_node_0/patient_040_node_0.tif
patient_040_node_1,patient_040_node_1/patient_040_node_1.tif
patient_040_node_2,patient_040_node_2/patient_040_node_2.tif
patient_040_node_3,patient_040_node_3/patient_040_node_3.tif
patient_040_node_4,patient_040_node_4/patient_040_node_4.tif
patient_041_node_0,patient_041_node_0/patient_041_node_0.tif
patient_041_node_1,patient_041_node_1/patient_041_node_1.tif
patient_041_node_2,patient_041_node_2/patient_041_node_2.tif
patient_041_node_3,patient_041_node_3/patient_041_node_3.tif
patient_041_node_4,patient_041_node_4/patient_041_node_4.tif
patient_042_node_0,patient_042_node_0/patient_042_node_0.tif
patient_042_node_1,patient_042_node_1/patient_042_node_1.tif
patient_042_node_2,patient_042_node_2/patient_042_node_2.tif
patient_042_node_3,patient_042_node_3/patient_042_node_3.tif
patient_042_node_4,patient_042_node_4/patient_042_node_4.tif
patient_043_node_0,patient_043_node_0/patient_043_node_0.tif
patient_043_node_1,patient_043_node_1/patient_043_node_1.tif
patient_043_node_2,patient_043_node_2/patient_043_node_2.tif
patient_043_node_3,patient_043_node_3/patient_043_node_3.tif
patient_043_node_4,patient_043_node_4/patient_043_node_4.tif
patient_044_node_0,patient_044_node_0/patient_044_node_0.tif
patient_044_node_1,patient_044_node_1/patient_044_node_1.tif
patient_044_node_2,patient_044_node_2/patient_044_node_2.tif
patient_044_node_3,patient_044_node_3/patient_044_node_3.tif
patient_044_node_4,patient_044_node_4/patient_044_node_4.tif
patient_045_node_0,patient_045_node_0/patient_045_node_0.tif
patient_045_node_1,patient_045_node_1/patient_045_node_1.tif
patient_045_node_2,patient_045_node_2/patient_045_node_2.tif
patient_045_node_3,patient_045_node_3/patient_045_node_3.tif
patient_045_node_4,patient_045_node_4/patient_045_node_4.tif
patient_046_node_0,patient_046_node_0/patient_046_node_0.tif
patient_046_node_1,patient_046_node_1/patient_046_node_1.tif
patient_046_node_2,patient_046_node_2/patient_046_node_2.tif
patient_046_node_3,patient_046_node_3/patient_046_node_3.tif
patient_046_node_4,patient_046_node_4/patient_046_node_4.tif
patient_047_node_0,patient_047_node_0/patient_047_node_0.tif
patient_047_node_1,patient_047_node_1/patient_047_node_1.tif
patient_047_node_2,patient_047_node_2/patient_047_node_2.tif
patient_047_node_3,patient_047_node_3/patient_047_node_3.tif
patient_047_node_4,patient_047_node_4/patient_047_node_4.tif
patient_048_node_0,patient_048_node_0/patient_048_node_0.tif
patient_048_node_1,patient_048_node_1/patient_048_node_1.tif
patient_048_node_2,patient_048_node_2/patient_048_node_2.tif
patient_048_node_3,patient_048_node_3/patient_048_node_3.tif
patient_048_node_4,patient_048_node_4/patient_048_node_4.tif
patient_049_node_0,patient_049_node_0/patient_049_node_0.tif
patient_049_node_1,patient_049_node_1/patient_049_node_1.tif
patient_049_node_2,patient_049_node_2/patient_049_node_2.tif
patient_049_node_3,patient_049_node_3/patient_049_node_3.tif
patient_049_node_4,patient_049_node_4/patient_049_node_4.tif
patient_050_node_0,patient_050_node_0/patient_050_node_0.tif
patient_050_node_1,patient_050_node_1/patient_050_node_1.tif
patient_050_node_2,patient_050_node_2/patient_050_node_2.tif
patient_050_node_3,patient_050_node_3/patient_050_node_3.tif
patient_050_node_4,patient_050_node_4/patient_050_node_4.tif
patient_051_node_0,patient_051_node_0/patient_051_node_0.tif
patient_051_node_1,patient_051_node_1/patient_051_node_1.tif
patient_051_node_2,patient_051_node_2/patient_051_node_2.tif
patient_051_node_3,patient_051_node_3/patient_051_node_3.tif
patient_051_node_4,patient_051_node_4/patient_051_node_4.tif
patient_052_node_0,patient_052_node_0/patient_052_node_0.tif
patient_052_node_2,patient_052_node_2/patient_052_node_2.tif
patient_052_node_3,patient_052_node_3/patient_052_node_3.tif
patient_052_node_4,patient_052_node_4/patient_052_node_4.tif
patient_053_node_0,patient_053_node_0/patient_053_node_0.tif
patient_053_node_1,patient_053_node_1/patient_053_node_1.tif
patient_053_node_2,patient_053_node_2/patient_053_node_2.tif
patient_053_node_3,patient_053_node_3/patient_053_node_3.tif
patient_053_node_4,patient_053_node_4/patient_053_node_4.tif
patient_054_node_0,patient_054_node_0/patient_054_node_0.tif
patient_054_node_1,patient_054_node_1/patient_054_node_1.tif
patient_054_node_2,patient_054_node_2/patient_054_node_2.tif
patient_054_node_3,patient_054_node_3/patient_054_node_3.tif
patient_054_node_4,patient_054_node_4/patient_054_node_4.tif
patient_055_node_0,patient_055_node_0/patient_055_node_0.tif
patient_055_node_1,patient_055_node_1/patient_055_node_1.tif
patient_055_node_2,patient_055_node_2/patient_055_node_2.tif
patient_055_node_3,patient_055_node_3/patient_055_node_3.tif
patient_055_node_4,patient_055_node_4/patient_055_node_4.tif
patient_056_node_0,patient_056_node_0/patient_056_node_0.tif
patient_056_node_1,patient_056_node_1/patient_056_node_1.tif
patient_056_node_2,patient_056_node_2/patient_056_node_2.tif
patient_056_node_3,patient_056_node_3/patient_056_node_3.tif
patient_056_node_4,patient_056_node_4/patient_056_node_4.tif
patient_057_node_0,patient_057_node_0/patient_057_node_0.tif
patient_057_node_1,patient_057_node_1/patient_057_node_1.tif
patient_057_node_2,patient_057_node_2/patient_057_node_2.tif
patient_057_node_3,patient_057_node_3/patient_057_node_3.tif
patient_057_node_4,patient_057_node_4/patient_057_node_4.tif
patient_058_node_0,patient_058_node_0/patient_058_node_0.tif
patient_058_node_1,patient_058_node_1/patient_058_node_1.tif
patient_058_node_2,patient_058_node_2/patient_058_node_2.tif
patient_058_node_3,patient_058_node_3/patient_058_node_3.tif
patient_058_node_4,patient_058_node_4/patient_058_node_4.tif
patient_059_node_0,patient_059_node_0/patient_059_node_0.tif
patient_059_node_1,patient_059_node_1/patient_059_node_1.tif
patient_059_node_2,patient_059_node_2/patient_059_node_2.tif
patient_059_node_3,patient_059_node_3/patient_059_node_3.tif
patient_059_node_4,patient_059_node_4/patient_059_node_4.tif
patient_060_node_0,patient_060_node_0/patient_060_node_0.tif
patient_060_node_1,patient_060_node_1/patient_060_node_1.tif
patient_060_node_2,patient_060_node_2/patient_060_node_2.tif
patient_060_node_3,patient_060_node_3/patient_060_node_3.tif
patient_060_node_4,patient_060_node_4/patient_060_node_4.tif
patient_061_node_0,patient_061_node_0/patient_061_node_0.tif
patient_061_node_1,patient_061_node_1/patient_061_node_1.tif
patient_061_node_2,patient_061_node_2/patient_061_node_2.tif
patient_061_node_3,patient_061_node_3/patient_061_node_3.tif
patient_061_node_4,patient_061_node_4/patient_061_node_4.tif
patient_062_node_0,patient_062_node_0/patient_062_node_0.tif
patient_062_node_1,patient_062_node_1/patient_062_node_1.tif
patient_062_node_2,patient_062_node_2/patient_062_node_2.tif
patient_062_node_3,patient_062_node_3/patient_062_node_3.tif
patient_062_node_4,patient_062_node_4/patient_062_node_4.tif
patient_063_node_0,patient_063_node_0/patient_063_node_0.tif
patient_063_node_1,patient_063_node_1/patient_063_node_1.tif
patient_063_node_2,patient_063_node_2/patient_063_node_2.tif
patient_063_node_3,patient_063_node_3/patient_063_node_3.tif
patient_063_node_4,patient_063_node_4/patient_063_node_4.tif
patient_064_node_0,patient_064_node_0/patient_064_node_0.tif
patient_064_node_1,patient_064_node_1/patient_064_node_1.tif
patient_064_node_2,patient_064_node_2/patient_064_node_2.tif
patient_064_node_3,patient_064_node_3/patient_064_node_3.tif
patient_064_node_4,patient_064_node_4/patient_064_node_4.tif
patient_065_node_0,patient_065_node_0/patient_065_node_0.tif
patient_065_node_1,patient_065_node_1/patient_065_node_1.tif
patient_065_node_2,patient_065_node_2/patient_065_node_2.tif
patient_065_node_3,patient_065_node_3/patient_065_node_3.tif
patient_065_node_4,patient_065_node_4/patient_065_node_4.tif
patient_066_node_0,patient_066_node_0/patient_066_node_0.tif
patient_066_node_1,patient_066_node_1/patient_066_node_1.tif
patient_066_node_2,patient_066_node_2/patient_066_node_2.tif
patient_066_node_3,patient_066_node_3/patient_066_node_3.tif
patient_066_node_4,patient_066_node_4/patient_066_node_4.tif
patient_067_node_0,patient_067_node_0/patient_067_node_0.tif
patient_067_node_1,patient_067_node_1/patient_067_node_1.tif
patient_067_node_2,patient_067_node_2/patient_067_node_2.tif
patient_067_node_3,patient_067_node_3/patient_067_node_3.tif
patient_067_node_4,patient_067_node_4/patient_067_node_4.tif
patient_068_node_0,patient_068_node_0/patient_068_node_0.tif
patient_068_node_1,patient_068_node_1/patient_068_node_1.tif
patient_068_node_2,patient_068_node_2/patient_068_node_2.tif
patient_068_node_3,patient_068_node_3/patient_068_node_3.tif
patient_068_node_4,patient_068_node_4/patient_068_node_4.tif
patient_069_node_0,patient_069_node_0/patient_069_node_0.tif
patient_069_node_1,patient_069_node_1/patient_069_node_1.tif
patient_069_node_2,patient_069_node_2/patient_069_node_2.tif
patient_069_node_3,patient_069_node_3/patient_069_node_3.tif
patient_069_node_4,patient_069_node_4/patient_069_node_4.tif
patient_070_node_0,patient_070_node_0/patient_070_node_0.tif
patient_070_node_1,patient_070_node_1/patient_070_node_1.tif
patient_070_node_2,patient_070_node_2/patient_070_node_2.tif
patient_070_node_3,patient_070_node_3/patient_070_node_3.tif
patient_070_node_4,patient_070_node_4/patient_070_node_4.tif
patient_071_node_0,patient_071_node_0/patient_071_node_0.tif
patient_071_node_1,patient_071_node_1/patient_071_node_1.tif
patient_071_node_2,patient_071_node_2/patient_071_node_2.tif
patient_071_node_3,patient_071_node_3/patient_071_node_3.tif
patient_071_node_4,patient_071_node_4/patient_071_node_4.tif
patient_072_node_0,patient_072_node_0/patient_072_node_0.tif
patient_072_node_1,patient_072_node_1/patient_072_node_1.tif
patient_072_node_2,patient_072_node_2/patient_072_node_2.tif
patient_072_node_3,patient_072_node_3/patient_072_node_3.tif
patient_072_node_4,patient_072_node_4/patient_072_node_4.tif
patient_073_node_0,patient_073_node_0/patient_073_node_0.tif
patient_073_node_1,patient_073_node_1/patient_073_node_1.tif
patient_073_node_2,patient_073_node_2/patient_073_node_2.tif
patient_073_node_3,patient_073_node_3/patient_073_node_3.tif
patient_073_node_4,patient_073_node_4/patient_073_node_4.tif
patient_074_node_0,patient_074_node_0/patient_074_node_0.tif
patient_074_node_1,patient_074_node_1/patient_074_node_1.tif
patient_074_node_2,patient_074_node_2/patient_074_node_2.tif
patient_074_node_3,patient_074_node_3/patient_074_node_3.tif
patient_074_node_4,patient_074_node_4/patient_074_node_4.tif
patient_075_node_0,patient_075_node_0/patient_075_node_0.tif
patient_075_node_1,patient_075_node_1/patient_075_node_1.tif
patient_075_node_2,patient_075_node_2/patient_075_node_2.tif
patient_075_node_3,patient_075_node_3/patient_075_node_3.tif
patient_075_node_4,patient_075_node_4/patient_075_node_4.tif
patient_076_node_0,patient_076_node_0/patient_076_node_0.tif
patient_076_node_1,patient_076_node_1/patient_076_node_1.tif
patient_076_node_2,patient_076_node_2/patient_076_node_2.tif
patient_076_node_3,patient_076_node_3/patient_076_node_3.tif
patient_076_node_4,patient_076_node_4/patient_076_node_4.tif
patient_077_node_0,patient_077_node_0/patient_077_node_0.tif
patient_077_node_1,patient_077_node_1/patient_077_node_1.tif
patient_077_node_2,patient_077_node_2/patient_077_node_2.tif
patient_077_node_3,patient_077_node_3/patient_077_node_3.tif
patient_077_node_4,patient_077_node_4/patient_077_node_4.tif
patient_078_node_0,patient_078_node_0/patient_078_node_0.tif
patient_078_node_1,patient_078_node_1/patient_078_node_1.tif
patient_078_node_2,patient_078_node_2/patient_078_node_2.tif
patient_078_node_3,patient_078_node_3/patient_078_node_3.tif
patient_078_node_4,patient_078_node_4/patient_078_node_4.tif
patient_079_node_0,patient_079_node_0/patient_079_node_0.tif
patient_079_node_1,patient_079_node_1/patient_079_node_1.tif
patient_079_node_2,patient_079_node_2/patient_079_node_2.tif
patient_079_node_3,patient_079_node_3/patient_079_node_3.tif
patient_079_node_4,patient_079_node_4/patient_079_node_4.tif
patient_080_node_0,patient_080_node_0/patient_080_node_0.tif
patient_080_node_1,patient_080_node_1/patient_080_node_1.tif
patient_080_node_2,patient_080_node_2/patient_080_node_2.tif
patient_080_node_3,patient_080_node_3/patient_080_node_3.tif
patient_080_node_4,patient_080_node_4/patient_080_node_4.tif
patient_081_node_0,patient_081_node_0/patient_081_node_0.tif
patient_081_node_1,patient_081_node_1/patient_081_node_1.tif
patient_081_node_2,patient_081_node_2/patient_081_node_2.tif
patient_081_node_3,patient_081_node_3/patient_081_node_3.tif
patient_081_node_4,patient_081_node_4/patient_081_node_4.tif
patient_082_node_0,patient_082_node_0/patient_082_node_0.tif
patient_082_node_1,patient_082_node_1/patient_082_node_1.tif
patient_082_node_2,patient_082_node_2/patient_082_node_2.tif
patient_082_node_3,patient_082_node_3/patient_082_node_3.tif
patient_082_node_4,patient_082_node_4/patient_082_node_4.tif
patient_083_node_0,patient_083_node_0/patient_083_node_0.tif
patient_083_node_1,patient_083_node_1/patient_083_node_1.tif
patient_083_node_2,patient_083_node_2/patient_083_node_2.tif
patient_083_node_3,patient_083_node_3/patient_083_node_3.tif
patient_083_node_4,patient_083_node_4/patient_083_node_4.tif
patient_084_node_0,patient_084_node_0/patient_084_node_0.tif
patient_084_node_1,patient_084_node_1/patient_084_node_1.tif
patient_084_node_2,patient_084_node_2/patient_084_node_2.tif
patient_084_node_3,patient_084_node_3/patient_084_node_3.tif
patient_084_node_4,patient_084_node_4/patient_084_node_4.tif
patient_085_node_0,patient_085_node_0/patient_085_node_0.tif
patient_085_node_1,patient_085_node_1/patient_085_node_1.tif
patient_085_node_2,patient_085_node_2/patient_085_node_2.tif
patient_085_node_3,patient_085_node_3/patient_085_node_3.tif
patient_085_node_4,patient_085_node_4/patient_085_node_4.tif
patient_086_node_0,patient_086_node_0/patient_086_node_0.tif
patient_086_node_1,patient_086_node_1/patient_086_node_1.tif
patient_086_node_2,patient_086_node_2/patient_086_node_2.tif
patient_086_node_3,patient_086_node_3/patient_086_node_3.tif
patient_086_node_4,patient_086_node_4/patient_086_node_4.tif
patient_087_node_0,patient_087_node_0/patient_087_node_0.tif
patient_087_node_1,patient_087_node_1/patient_087_node_1.tif
patient_087_node_2,patient_087_node_2/patient_087_node_2.tif
patient_087_node_3,patient_087_node_3/patient_087_node_3.tif
patient_087_node_4,patient_087_node_4/patient_087_node_4.tif
patient_088_node_0,patient_088_node_0/patient_088_node_0.tif
patient_088_node_1,patient_088_node_1/patient_088_node_1.tif
patient_088_node_2,patient_088_node_2/patient_088_node_2.tif
patient_088_node_3,patient_088_node_3/patient_088_node_3.tif
patient_088_node_4,patient_088_node_4/patient_088_node_4.tif
patient_089_node_0,patient_089_node_0/patient_089_node_0.tif
patient_089_node_1,patient_089_node_1/patient_089_node_1.tif
patient_089_node_2,patient_089_node_2/patient_089_node_2.tif
patient_089_node_3,patient_089_node_3/patient_089_node_3.tif
patient_089_node_4,patient_089_node_4/patient_089_node_4.tif
patient_090_node_0,patient_090_node_0/patient_090_node_0.tif
patient_090_node_1,patient_090_node_1/patient_090_node_1.tif
patient_090_node_2,patient_090_node_2/patient_090_node_2.tif
patient_090_node_3,patient_090_node_3/patient_090_node_3.tif
patient_090_node_4,patient_090_node_4/patient_090_node_4.tif
patient_091_node_0,patient_091_node_0/patient_091_node_0.tif
patient_091_node_1,patient_091_node_1/patient_091_node_1.tif
patient_091_node_2,patient_091_node_2/patient_091_node_2.tif
patient_091_node_3,patient_091_node_3/patient_091_node_3.tif
patient_091_node_4,patient_091_node_4/patient_091_node_4.tif
patient_092_node_0,patient_092_node_0/patient_092_node_0.tif
patient_092_node_1,patient_092_node_1/patient_092_node_1.tif
patient_092_node_2,patient_092_node_2/patient_092_node_2.tif
patient_092_node_3,patient_092_node_3/patient_092_node_3.tif
patient_092_node_4,patient_092_node_4/patient_092_node_4.tif
patient_093_node_0,patient_093_node_0/patient_093_node_0.tif
patient_093_node_1,patient_093_node_1/patient_093_node_1.tif
patient_093_node_2,patient_093_node_2/patient_093_node_2.tif
patient_093_node_3,patient_093_node_3/patient_093_node_3.tif
patient_093_node_4,patient_093_node_4/patient_093_node_4.tif
patient_094_node_0,patient_094_node_0/patient_094_node_0.tif
patient_094_node_1,patient_094_node_1/patient_094_node_1.tif
patient_094_node_2,patient_094_node_2/patient_094_node_2.tif
patient_094_node_3,patient_094_node_3/patient_094_node_3.tif
patient_094_node_4,patient_094_node_4/patient_094_node_4.tif
patient_095_node_0,patient_095_node_0/patient_095_node_0.tif
patient_095_node_1,patient_095_node_1/patient_095_node_1.tif
patient_095_node_2,patient_095_node_2/patient_095_node_2.tif
patient_095_node_3,patient_095_node_3/patient_095_node_3.tif
patient_095_node_4,patient_095_node_4/patient_095_node_4.tif
patient_096_node_0,patient_096_node_0/patient_096_node_0.tif
patient_096_node_1,patient_096_node_1/patient_096_node_1.tif
patient_096_node_2,patient_096_node_2/patient_096_node_2.tif
patient_096_node_3,patient_096_node_3/patient_096_node_3.tif
patient_096_node_4,patient_096_node_4/patient_096_node_4.tif
patient_097_node_0,patient_097_node_0/patient_097_node_0.tif
patient_097_node_1,patient_097_node_1/patient_097_node_1.tif
patient_097_node_2,patient_097_node_2/patient_097_node_2.tif
patient_097_node_3,patient_097_node_3/patient_097_node_3.tif
patient_097_node_4,patient_097_node_4/patient_097_node_4.tif
patient_098_node_0,patient_098_node_0/patient_098_node_0.tif
patient_098_node_1,patient_098_node_1/patient_098_node_1.tif
patient_098_node_2,patient_098_node_2/patient_098_node_2.tif
patient_098_node_3,patient_098_node_3/patient_098_node_3.tif
patient_098_node_4,patient_098_node_4/patient_098_node_4.tif
patient_099_node_0,patient_099_node_0/patient_099_node_0.tif
patient_099_node_1,patient_099_node_1/patient_099_node_1.tif
patient_099_node_2,patient_099_node_2/patient_099_node_2.tif
patient_099_node_3,patient_099_node_3/patient_099_node_3.tif
patient_099_node_4,patient_099_node_4/patient_099_node_4.tif
patient_100_node_0,patient_100_node_0/patient_100_node_0.tif
patient_100_node_1,patient_100_node_1/patient_100_node_1.tif
patient_100_node_2,patient_100_node_2/patient_100_node_2.tif
patient_100_node_3,patient_100_node_3/patient_100_node_3.tif
patient_100_node_4,patient_100_node_4/patient_100_node_4.tif
patient_101_node_0,patient_101_node_0/patient_101_node_0.tif
patient_101_node_1,patient_101_node_1/patient_101_node_1.tif
patient_101_node_2,patient_101_node_2/patient_101_node_2.tif
patient_101_node_3,patient_101_node_3/patient_101_node_3.tif
patient_101_node_4,patient_101_node_4/patient_101_node_4.tif
patient_102_node_0,patient_102_node_0/patient_102_node_0.tif
patient_102_node_1,patient_102_node_1/patient_102_node_1.tif
patient_102_node_2,patient_102_node_2/patient_102_node_2.tif
patient_102_node_3,patient_102_node_3/patient_102_node_3.tif
patient_102_node_4,patient_102_node_4/patient_102_node_4.tif
patient_103_node_0,patient_103_node_0/patient_103_node_0.tif
patient_103_node_1,patient_103_node_1/patient_103_node_1.tif
patient_103_node_2,patient_103_node_2/patient_103_node_2.tif
patient_103_node_3,patient_103_node_3/patient_103_node_3.tif
patient_103_node_4,patient_103_node_4/patient_103_node_4.tif
patient_104_node_0,patient_104_node_0/patient_104_node_0.tif
patient_104_node_1,patient_104_node_1/patient_104_node_1.tif
patient_104_node_2,patient_104_node_2/patient_104_node_2.tif
patient_104_node_3,patient_104_node_3/patient_104_node_3.tif
patient_104_node_4,patient_104_node_4/patient_104_node_4.tif
patient_105_node_0,patient_105_node_0/patient_105_node_0.tif
patient_105_node_1,patient_105_node_1/patient_105_node_1.tif
patient_105_node_2,patient_105_node_2/patient_105_node_2.tif
patient_105_node_3,patient_105_node_3/patient_105_node_3.tif
patient_105_node_4,patient_105_node_4/patient_105_node_4.tif
patient_106_node_0,patient_106_node_0/patient_106_node_0.tif
patient_106_node_1,patient_106_node_1/patient_106_node_1.tif
patient_106_node_2,patient_106_node_2/patient_106_node_2.tif
patient_106_node_3,patient_106_node_3/patient_106_node_3.tif
patient_106_node_4,patient_106_node_4/patient_106_node_4.tif
patient_107_node_0,patient_107_node_0/patient_107_node_0.tif
patient_107_node_1,patient_107_node_1/patient_107_node_1.tif
patient_107_node_2,patient_107_node_2/patient_107_node_2.tif
patient_107_node_3,patient_107_node_3/patient_107_node_3.tif
patient_107_node_4,patient_107_node_4/patient_107_node_4.tif
patient_108_node_0,patient_108_node_0/patient_108_node_0.tif
patient_108_node_1,patient_108_node_1/patient_108_node_1.tif
patient_108_node_2,patient_108_node_2/patient_108_node_2.tif
patient_108_node_3,patient_108_node_3/patient_108_node_3.tif
patient_108_node_4,patient_108_node_4/patient_108_node_4.tif
patient_109_node_0,patient_109_node_0/patient_109_node_0.tif
patient_109_node_1,patient_109_node_1/patient_109_node_1.tif
patient_109_node_2,patient_109_node_2/patient_109_node_2.tif
patient_109_node_3,patient_109_node_3/patient_109_node_3.tif
patient_109_node_4,patient_109_node_4/patient_109_node_4.tif
patient_110_node_0,patient_110_node_0/patient_110_node_0.tif
patient_110_node_1,patient_110_node_1/patient_110_node_1.tif
patient_110_node_2,patient_110_node_2/patient_110_node_2.tif
patient_110_node_3,patient_110_node_3/patient_110_node_3.tif
patient_110_node_4,patient_110_node_4/patient_110_node_4.tif
patient_111_node_0,patient_111_node_0/patient_111_node_0.tif
patient_111_node_1,patient_111_node_1/patient_111_node_1.tif
patient_111_node_2,patient_111_node_2/patient_111_node_2.tif
patient_111_node_3,patient_111_node_3/patient_111_node_3.tif
patient_111_node_4,patient_111_node_4/patient_111_node_4.tif
patient_112_node_0,patient_112_node_0/patient_112_node_0.tif
patient_112_node_1,patient_112_node_1/patient_112_node_1.tif
patient_112_node_2,patient_112_node_2/patient_112_node_2.tif
patient_112_node_3,patient_112_node_3/patient_112_node_3.tif
patient_112_node_4,patient_112_node_4/patient_112_node_4.tif
patient_113_node_0,patient_113_node_0/patient_113_node_0.tif
patient_113_node_1,patient_113_node_1/patient_113_node_1.tif
patient_113_node_2,patient_113_node_2/patient_113_node_2.tif
patient_113_node_3,patient_113_node_3/patient_113_node_3.tif
patient_113_node_4,patient_113_node_4/patient_113_node_4.tif
patient_114_node_0,patient_114_node_0/patient_114_node_0.tif
patient_114_node_1,patient_114_node_1/patient_114_node_1.tif
patient_114_node_2,patient_114_node_2/patient_114_node_2.tif
patient_114_node_3,patient_114_node_3/patient_114_node_3.tif
patient_114_node_4,patient_114_node_4/patient_114_node_4.tif
patient_115_node_0,patient_115_node_0/patient_115_node_0.tif
patient_115_node_1,patient_115_node_1/patient_115_node_1.tif
patient_115_node_2,patient_115_node_2/patient_115_node_2.tif
patient_115_node_3,patient_115_node_3/patient_115_node_3.tif
patient_115_node_4,patient_115_node_4/patient_115_node_4.tif
patient_116_node_0,patient_116_node_0/patient_116_node_0.tif
patient_116_node_1,patient_116_node_1/patient_116_node_1.tif
patient_116_node_2,patient_116_node_2/patient_116_node_2.tif
patient_116_node_3,patient_116_node_3/patient_116_node_3.tif
patient_116_node_4,patient_116_node_4/patient_116_node_4.tif
patient_117_node_0,patient_117_node_0/patient_117_node_0.tif
patient_117_node_1,patient_117_node_1/patient_117_node_1.tif
patient_117_node_2,patient_117_node_2/patient_117_node_2.tif
patient_117_node_3,patient_117_node_3/patient_117_node_3.tif
patient_117_node_4,patient_117_node_4/patient_117_node_4.tif
patient_118_node_0,patient_118_node_0/patient_118_node_0.tif
patient_118_node_1,patient_118_node_1/patient_118_node_1.tif
patient_118_node_2,patient_118_node_2/patient_118_node_2.tif
patient_118_node_3,patient_118_node_3/patient_118_node_3.tif
patient_118_node_4,patient_118_node_4/patient_118_node_4.tif
patient_119_node_0,patient_119_node_0/patient_119_node_0.tif
patient_119_node_1,patient_119_node_1/patient_119_node_1.tif
patient_119_node_2,patient_119_node_2/patient_119_node_2.tif
patient_119_node_3,patient_119_node_3/patient_119_node_3.tif
patient_119_node_4,patient_119_node_4/patient_119_node_4.tif
patient_120_node_0,patient_120_node_0/patient_120_node_0.tif
patient_120_node_1,patient_120_node_1/patient_120_node_1.tif
patient_120_node_2,patient_120_node_2/patient_120_node_2.tif
patient_120_node_3,patient_120_node_3/patient_120_node_3.tif
patient_120_node_4,patient_120_node_4/patient_120_node_4.tif
patient_121_node_0,patient_121_node_0/patient_121_node_0.tif
patient_121_node_1,patient_121_node_1/patient_121_node_1.tif
patient_121_node_2,patient_121_node_2/patient_121_node_2.tif
patient_121_node_3,patient_121_node_3/patient_121_node_3.tif
patient_121_node_4,patient_121_node_4/patient_121_node_4.tif
patient_122_node_0,patient_122_node_0/patient_122_node_0.tif
patient_122_node_1,patient_122_node_1/patient_122_node_1.tif
patient_122_node_2,patient_122_node_2/patient_122_node_2.tif
patient_122_node_3,patient_122_node_3/patient_122_node_3.tif
patient_122_node_4,patient_122_node_4/patient_122_node_4.tif
patient_123_node_0,patient_123_node_0/patient_123_node_0.tif
patient_123_node_1,patient_123_node_1/patient_123_node_1.tif
patient_123_node_2,patient_123_node_2/patient_123_node_2.tif
patient_123_node_3,patient_123_node_3/patient_123_node_3.tif
patient_123_node_4,patient_123_node_4/patient_123_node_4.tif
patient_124_node_0,patient_124_node_0/patient_124_node_0.tif
patient_124_node_2,patient_124_node_2/patient_124_node_2.tif
patient_124_node_3,patient_124_node_3/patient_124_node_3.tif
patient_124_node_4,patient_124_node_4/patient_124_node_4.tif
patient_125_node_0,patient_125_node_0/patient_125_node_0.tif
patient_125_node_1,patient_125_node_1/patient_125_node_1.tif
patient_125_node_2,patient_125_node_2/patient_125_node_2.tif
patient_125_node_3,patient_125_node_3/patient_125_node_3.tif
patient_125_node_4,patient_125_node_4/patient_125_node_4.tif
patient_126_node_0,patient_126_node_0/patient_126_node_0.tif
patient_126_node_1,patient_126_node_1/patient_126_node_1.tif
patient_126_node_2,patient_126_node_2/patient_126_node_2.tif
patient_126_node_3,patient_126_node_3/patient_126_node_3.tif
patient_126_node_4,patient_126_node_4/patient_126_node_4.tif
patient_127_node_0,patient_127_node_0/patient_127_node_0.tif
patient_127_node_1,patient_127_node_1/patient_127_node_1.tif
patient_127_node_2,patient_127_node_2/patient_127_node_2.tif
patient_127_node_3,patient_127_node_3/patient_127_node_3.tif
patient_127_node_4,patient_127_node_4/patient_127_node_4.tif
patient_128_node_0,patient_128_node_0/patient_128_node_0.tif
patient_128_node_1,patient_128_node_1/patient_128_node_1.tif
patient_128_node_2,patient_128_node_2/patient_128_node_2.tif
patient_128_node_3,patient_128_node_3/patient_128_node_3.tif
patient_128_node_4,patient_128_node_4/patient_128_node_4.tif
patient_129_node_0,patient_129_node_0/patient_129_node_0.tif
patient_129_node_1,patient_129_node_1/patient_129_node_1.tif
patient_129_node_2,patient_129_node_2/patient_129_node_2.tif
patient_129_node_3,patient_129_node_3/patient_129_node_3.tif
patient_129_node_4,patient_129_node_4/patient_129_node_4.tif
patient_130_node_0,patient_130_node_0/patient_130_node_0.tif
patient_130_node_1,patient_130_node_1/patient_130_node_1.tif
patient_130_node_2,patient_130_node_2/patient_130_node_2.tif
patient_130_node_3,patient_130_node_3/patient_130_node_3.tif
patient_130_node_4,patient_130_node_4/patient_130_node_4.tif
patient_131_node_0,patient_131_node_0/patient_131_node_0.tif
patient_131_node_1,patient_131_node_1/patient_131_node_1.tif
patient_131_node_2,patient_131_node_2/patient_131_node_2.tif
patient_131_node_3,patient_131_node_3/patient_131_node_3.tif
patient_131_node_4,patient_131_node_4/patient_131_node_4.tif
patient_132_node_0,patient_132_node_0/patient_132_node_0.tif
patient_132_node_1,patient_132_node_1/patient_132_node_1.tif
patient_132_node_2,patient_132_node_2/patient_132_node_2.tif
patient_132_node_3,patient_132_node_3/patient_132_node_3.tif
patient_132_node_4,patient_132_node_4/patient_132_node_4.tif
patient_133_node_0,patient_133_node_0/patient_133_node_0.tif
patient_133_node_1,patient_133_node_1/patient_133_node_1.tif
patient_133_node_2,patient_133_node_2/patient_133_node_2.tif
patient_133_node_3,patient_133_node_3/patient_133_node_3.tif
patient_133_node_4,patient_133_node_4/patient_133_node_4.tif
patient_134_node_0,patient_134_node_0/patient_134_node_0.tif
patient_134_node_1,patient_134_node_1/patient_134_node_1.tif
patient_134_node_2,patient_134_node_2/patient_134_node_2.tif
patient_134_node_3,patient_134_node_3/patient_134_node_3.tif
patient_134_node_4,patient_134_node_4/patient_134_node_4.tif
patient_135_node_0,patient_135_node_0/patient_135_node_0.tif
patient_135_node_1,patient_135_node_1/patient_135_node_1.tif
patient_135_node_2,patient_135_node_2/patient_135_node_2.tif
patient_135_node_3,patient_135_node_3/patient_135_node_3.tif
patient_135_node_4,patient_135_node_4/patient_135_node_4.tif
patient_136_node_0,patient_136_node_0/patient_136_node_0.tif
patient_136_node_1,patient_136_node_1/patient_136_node_1.tif
patient_136_node_2,patient_136_node_2/patient_136_node_2.tif
patient_136_node_3,patient_136_node_3/patient_136_node_3.tif
patient_136_node_4,patient_136_node_4/patient_136_node_4.tif
patient_137_node_0,patient_137_node_0/patient_137_node_0.tif
patient_137_node_1,patient_137_node_1/patient_137_node_1.tif
patient_137_node_2,patient_137_node_2/patient_137_node_2.tif
patient_137_node_3,patient_137_node_3/patient_137_node_3.tif
patient_137_node_4,patient_137_node_4/patient_137_node_4.tif
patient_138_node_0,patient_138_node_0/patient_138_node_0.tif
patient_138_node_1,patient_138_node_1/patient_138_node_1.tif
patient_138_node_2,patient_138_node_2/patient_138_node_2.tif
patient_138_node_3,patient_138_node_3/patient_138_node_3.tif
patient_138_node_4,patient_138_node_4/patient_138_node_4.tif
patient_139_node_0,patient_139_node_0/patient_139_node_0.tif
patient_139_node_1,patient_139_node_1/patient_139_node_1.tif
patient_139_node_2,patient_139_node_2/patient_139_node_2.tif
patient_139_node_3,patient_139_node_3/patient_139_node_3.tif
patient_139_node_4,patient_139_node_4/patient_139_node_4.tif
patient_140_node_0,patient_140_node_0/patient_140_node_0.tif
patient_140_node_1,patient_140_node_1/patient_140_node_1.tif
patient_140_node_2,patient_140_node_2/patient_140_node_2.tif
patient_140_node_3,patient_140_node_3/patient_140_node_3.tif
patient_140_node_4,patient_140_node_4/patient_140_node_4.tif
patient_141_node_0,patient_141_node_0/patient_141_node_0.tif
patient_141_node_1,patient_141_node_1/patient_141_node_1.tif
patient_141_node_2,patient_141_node_2/patient_141_node_2.tif
patient_141_node_3,patient_141_node_3/patient_141_node_3.tif
patient_141_node_4,patient_141_node_4/patient_141_node_4.tif
patient_142_node_0,patient_142_node_0/patient_142_node_0.tif
patient_142_node_1,patient_142_node_1/patient_142_node_1.tif
patient_142_node_2,patient_142_node_2/patient_142_node_2.tif
patient_142_node_3,patient_142_node_3/patient_142_node_3.tif
patient_142_node_4,patient_142_node_4/patient_142_node_4.tif
patient_143_node_0,patient_143_node_0/patient_143_node_0.tif
patient_143_node_1,patient_143_node_1/patient_143_node_1.tif
patient_143_node_2,patient_143_node_2/patient_143_node_2.tif
patient_143_node_3,patient_143_node_3/patient_143_node_3.tif
patient_143_node_4,patient_143_node_4/patient_143_node_4.tif
patient_144_node_0,patient_144_node_0/patient_144_node_0.tif
patient_144_node_1,patient_144_node_1/patient_144_node_1.tif
patient_144_node_2,patient_144_node_2/patient_144_node_2.tif
patient_144_node_3,patient_144_node_3/patient_144_node_3.tif
patient_144_node_4,patient_144_node_4/patient_144_node_4.tif
patient_145_node_0,patient_145_node_0/patient_145_node_0.tif
patient_145_node_1,patient_145_node_1/patient_145_node_1.tif
patient_145_node_2,patient_145_node_2/patient_145_node_2.tif
patient_145_node_3,patient_145_node_3/patient_145_node_3.tif
patient_145_node_4,patient_145_node_4/patient_145_node_4.tif
patient_146_node_0,patient_146_node_0/patient_146_node_0.tif
patient_146_node_1,patient_146_node_1/patient_146_node_1.tif
patient_146_node_2,patient_146_node_2/patient_146_node_2.tif
patient_146_node_3,patient_146_node_3/patient_146_node_3.tif
patient_146_node_4,patient_146_node_4/patient_146_node_4.tif
patient_147_node_0,patient_147_node_0/patient_147_node_0.tif
patient_147_node_1,patient_147_node_1/patient_147_node_1.tif
patient_147_node_2,patient_147_node_2/patient_147_node_2.tif
patient_147_node_3,patient_147_node_3/patient_147_node_3.tif
patient_147_node_4,patient_147_node_4/patient_147_node_4.tif
patient_148_node_0,patient_148_node_0/patient_148_node_0.tif
patient_148_node_1,patient_148_node_1/patient_148_node_1.tif
patient_148_node_2,patient_148_node_2/patient_148_node_2.tif
patient_148_node_3,patient_148_node_3/patient_148_node_3.tif
patient_148_node_4,patient_148_node_4/patient_148_node_4.tif
patient_149_node_0,patient_149_node_0/patient_149_node_0.tif
patient_149_node_1,patient_149_node_1/patient_149_node_1.tif
patient_149_node_2,patient_149_node_2/patient_149_node_2.tif
patient_149_node_3,patient_149_node_3/patient_149_node_3.tif
patient_149_node_4,patient_149_node_4/patient_149_node_4.tif
patient_150_node_0,patient_150_node_0/patient_150_node_0.tif
patient_150_node_1,patient_150_node_1/patient_150_node_1.tif
patient_150_node_2,patient_150_node_2/patient_150_node_2.tif
patient_150_node_3,patient_150_node_3/patient_150_node_3.tif
patient_150_node_4,patient_150_node_4/patient_150_node_4.tif
patient_151_node_0,patient_151_node_0/patient_151_node_0.tif
patient_151_node_1,patient_151_node_1/patient_151_node_1.tif
patient_151_node_2,patient_151_node_2/patient_151_node_2.tif
patient_151_node_3,patient_151_node_3/patient_151_node_3.tif
patient_151_node_4,patient_151_node_4/patient_151_node_4.tif
patient_152_node_0,patient_152_node_0/patient_152_node_0.tif
patient_152_node_1,patient_152_node_1/patient_152_node_1.tif
patient_152_node_2,patient_152_node_2/patient_152_node_2.tif
patient_152_node_3,patient_152_node_3/patient_152_node_3.tif
patient_152_node_4,patient_152_node_4/patient_152_node_4.tif
patient_153_node_0,patient_153_node_0/patient_153_node_0.tif
patient_153_node_1,patient_153_node_1/patient_153_node_1.tif
patient_153_node_2,patient_153_node_2/patient_153_node_2.tif
patient_153_node_3,patient_153_node_3/patient_153_node_3.tif
patient_153_node_4,patient_153_node_4/patient_153_node_4.tif
patient_154_node_0,patient_154_node_0/patient_154_node_0.tif
patient_154_node_1,patient_154_node_1/patient_154_node_1.tif
patient_154_node_2,patient_154_node_2/patient_154_node_2.tif
patient_154_node_3,patient_154_node_3/patient_154_node_3.tif
patient_154_node_4,patient_154_node_4/patient_154_node_4.tif
patient_155_node_0,patient_155_node_0/patient_155_node_0.tif
patient_155_node_1,patient_155_node_1/patient_155_node_1.tif
patient_155_node_2,patient_155_node_2/patient_155_node_2.tif
patient_155_node_3,patient_155_node_3/patient_155_node_3.tif
patient_155_node_4,patient_155_node_4/patient_155_node_4.tif
patient_156_node_0,patient_156_node_0/patient_156_node_0.tif
patient_156_node_1,patient_156_node_1/patient_156_node_1.tif
patient_156_node_2,patient_156_node_2/patient_156_node_2.tif
patient_156_node_3,patient_156_node_3/patient_156_node_3.tif
patient_156_node_4,patient_156_node_4/patient_156_node_4.tif
patient_157_node_0,patient_157_node_0/patient_157_node_0.tif
patient_157_node_1,patient_157_node_1/patient_157_node_1.tif
patient_157_node_2,patient_157_node_2/patient_157_node_2.tif
patient_157_node_3,patient_157_node_3/patient_157_node_3.tif
patient_157_node_4,patient_157_node_4/patient_157_node_4.tif
patient_158_node_0,patient_158_node_0/patient_158_node_0.tif
patient_158_node_1,patient_158_node_1/patient_158_node_1.tif
patient_158_node_2,patient_158_node_2/patient_158_node_2.tif
patient_158_node_3,patient_158_node_3/patient_158_node_3.tif
patient_158_node_4,patient_158_node_4/patient_158_node_4.tif
patient_159_node_0,patient_159_node_0/patient_159_node_0.tif
patient_159_node_1,patient_159_node_1/patient_159_node_1.tif
patient_159_node_2,patient_159_node_2/patient_159_node_2.tif
patient_159_node_3,patient_159_node_3/patient_159_node_3.tif
patient_159_node_4,patient_159_node_4/patient_159_node_4.tif
patient_160_node_0,patient_160_node_0/patient_160_node_0.tif
patient_160_node_1,patient_160_node_1/patient_160_node_1.tif
patient_160_node_2,patient_160_node_2/patient_160_node_2.tif
patient_160_node_3,patient_160_node_3/patient_160_node_3.tif
patient_160_node_4,patient_160_node_4/patient_160_node_4.tif
patient_161_node_0,patient_161_node_0/patient_161_node_0.tif
patient_161_node_1,patient_161_node_1/patient_161_node_1.tif
patient_161_node_2,patient_161_node_2/patient_161_node_2.tif
patient_161_node_3,patient_161_node_3/patient_161_node_3.tif
patient_161_node_4,patient_161_node_4/patient_161_node_4.tif
patient_162_node_0,patient_162_node_0/patient_162_node_0.tif
patient_162_node_1,patient_162_node_1/patient_162_node_1.tif
patient_162_node_2,patient_162_node_2/patient_162_node_2.tif
patient_162_node_3,patient_162_node_3/patient_162_node_3.tif
patient_162_node_4,patient_162_node_4/patient_162_node_4.tif
patient_163_node_0,patient_163_node_0/patient_163_node_0.tif
patient_163_node_1,patient_163_node_1/patient_163_node_1.tif
patient_163_node_2,patient_163_node_2/patient_163_node_2.tif
patient_163_node_3,patient_163_node_3/patient_163_node_3.tif
patient_163_node_4,patient_163_node_4/patient_163_node_4.tif
patient_164_node_0,patient_164_node_0/patient_164_node_0.tif
patient_164_node_1,patient_164_node_1/patient_164_node_1.tif
patient_164_node_2,patient_164_node_2/patient_164_node_2.tif
patient_164_node_3,patient_164_node_3/patient_164_node_3.tif
patient_164_node_4,patient_164_node_4/patient_164_node_4.tif
patient_165_node_0,patient_165_node_0/patient_165_node_0.tif
patient_165_node_1,patient_165_node_1/patient_165_node_1.tif
patient_165_node_2,patient_165_node_2/patient_165_node_2.tif
patient_165_node_3,patient_165_node_3/patient_165_node_3.tif
patient_165_node_4,patient_165_node_4/patient_165_node_4.tif
patient_166_node_0,patient_166_node_0/patient_166_node_0.tif
patient_166_node_1,patient_166_node_1/patient_166_node_1.tif
patient_166_node_2,patient_166_node_2/patient_166_node_2.tif
patient_166_node_3,patient_166_node_3/patient_166_node_3.tif
patient_166_node_4,patient_166_node_4/patient_166_node_4.tif
patient_167_node_0,patient_167_node_0/patient_167_node_0.tif
patient_167_node_1,patient_167_node_1/patient_167_node_1.tif
patient_167_node_2,patient_167_node_2/patient_167_node_2.tif
patient_167_node_3,patient_167_node_3/patient_167_node_3.tif
patient_167_node_4,patient_167_node_4/patient_167_node_4.tif
patient_168_node_0,patient_168_node_0/patient_168_node_0.tif
patient_168_node_1,patient_168_node_1/patient_168_node_1.tif
patient_168_node_2,patient_168_node_2/patient_168_node_2.tif
patient_168_node_3,patient_168_node_3/patient_168_node_3.tif
patient_168_node_4,patient_168_node_4/patient_168_node_4.tif
patient_169_node_0,patient_169_node_0/patient_169_node_0.tif
patient_169_node_1,patient_169_node_1/patient_169_node_1.tif
patient_169_node_2,patient_169_node_2/patient_169_node_2.tif
patient_169_node_3,patient_169_node_3/patient_169_node_3.tif
patient_169_node_4,patient_169_node_4/patient_169_node_4.tif
patient_170_node_0,patient_170_node_0/patient_170_node_0.tif
patient_170_node_1,patient_170_node_1/patient_170_node_1.tif
patient_170_node_2,patient_170_node_2/patient_170_node_2.tif
patient_170_node_3,patient_170_node_3/patient_170_node_3.tif
patient_170_node_4,patient_170_node_4/patient_170_node_4.tif
patient_171_node_0,patient_171_node_0/patient_171_node_0.tif
patient_171_node_1,patient_171_node_1/patient_171_node_1.tif
patient_171_node_2,patient_171_node_2/patient_171_node_2.tif
patient_171_node_3,patient_171_node_3/patient_171_node_3.tif
patient_171_node_4,patient_171_node_4/patient_171_node_4.tif
patient_172_node_0,patient_172_node_0/patient_172_node_0.tif
patient_172_node_1,patient_172_node_1/patient_172_node_1.tif
patient_172_node_2,patient_172_node_2/patient_172_node_2.tif
patient_172_node_3,patient_172_node_3/patient_172_node_3.tif
patient_172_node_4,patient_172_node_4/patient_172_node_4.tif
patient_173_node_0,patient_173_node_0/patient_173_node_0.tif
patient_173_node_1,patient_173_node_1/patient_173_node_1.tif
patient_173_node_2,patient_173_node_2/patient_173_node_2.tif
patient_173_node_3,patient_173_node_3/patient_173_node_3.tif
patient_173_node_4,patient_173_node_4/patient_173_node_4.tif
patient_174_node_0,patient_174_node_0/patient_174_node_0.tif
patient_174_node_1,patient_174_node_1/patient_174_node_1.tif
patient_174_node_2,patient_174_node_2/patient_174_node_2.tif
patient_174_node_3,patient_174_node_3/patient_174_node_3.tif
patient_174_node_4,patient_174_node_4/patient_174_node_4.tif
patient_175_node_0,patient_175_node_0/patient_175_node_0.tif
patient_175_node_1,patient_175_node_1/patient_175_node_1.tif
patient_175_node_2,patient_175_node_2/patient_175_node_2.tif
patient_175_node_3,patient_175_node_3/patient_175_node_3.tif
patient_175_node_4,patient_175_node_4/patient_175_node_4.tif
patient_176_node_0,patient_176_node_0/patient_176_node_0.tif
patient_176_node_1,patient_176_node_1/patient_176_node_1.tif
patient_176_node_2,patient_176_node_2/patient_176_node_2.tif
patient_176_node_3,patient_176_node_3/patient_176_node_3.tif
patient_176_node_4,patient_176_node_4/patient_176_node_4.tif
patient_177_node_0,patient_177_node_0/patient_177_node_0.tif
patient_177_node_1,patient_177_node_1/patient_177_node_1.tif
patient_177_node_2,patient_177_node_2/patient_177_node_2.tif
patient_177_node_3,patient_177_node_3/patient_177_node_3.tif
patient_177_node_4,patient_177_node_4/patient_177_node_4.tif
patient_178_node_0,patient_178_node_0/patient_178_node_0.tif
patient_178_node_1,patient_178_node_1/patient_178_node_1.tif
patient_178_node_2,patient_178_node_2/patient_178_node_2.tif
patient_178_node_3,patient_178_node_3/patient_178_node_3.tif
patient_178_node_4,patient_178_node_4/patient_178_node_4.tif
patient_179_node_0,patient_179_node_0/patient_179_node_0.tif
patient_179_node_1,patient_179_node_1/patient_179_node_1.tif
patient_179_node_2,patient_179_node_2/patient_179_node_2.tif
patient_179_node_3,patient_179_node_3/patient_179_node_3.tif
patient_179_node_4,patient_179_node_4/patient_179_node_4.tif
patient_180_node_0,patient_180_node_0/patient_180_node_0.tif
patient_180_node_1,patient_180_node_1/patient_180_node_1.tif
patient_180_node_2,patient_180_node_2/patient_180_node_2.tif
patient_180_node_3,patient_180_node_3/patient_180_node_3.tif
patient_180_node_4,patient_180_node_4/patient_180_node_4.tif
patient_181_node_0,patient_181_node_0/patient_181_node_0.tif
patient_181_node_1,patient_181_node_1/patient_181_node_1.tif
patient_181_node_2,patient_181_node_2/patient_181_node_2.tif
patient_181_node_3,patient_181_node_3/patient_181_node_3.tif
patient_181_node_4,patient_181_node_4/patient_181_node_4.tif
patient_182_node_0,patient_182_node_0/patient_182_node_0.tif
patient_182_node_1,patient_182_node_1/patient_182_node_1.tif
patient_182_node_2,patient_182_node_2/patient_182_node_2.tif
patient_182_node_3,patient_182_node_3/patient_182_node_3.tif
patient_182_node_4,patient_182_node_4/patient_182_node_4.tif
patient_183_node_0,patient_183_node_0/patient_183_node_0.tif
patient_183_node_1,patient_183_node_1/patient_183_node_1.tif
patient_183_node_2,patient_183_node_2/patient_183_node_2.tif
patient_183_node_3,patient_183_node_3/patient_183_node_3.tif
patient_183_node_4,patient_183_node_4/patient_183_node_4.tif
patient_184_node_0,patient_184_node_0/patient_184_node_0.tif
patient_184_node_1,patient_184_node_1/patient_184_node_1.tif
patient_184_node_2,patient_184_node_2/patient_184_node_2.tif
patient_184_node_3,patient_184_node_3/patient_184_node_3.tif
patient_184_node_4,patient_184_node_4/patient_184_node_4.tif
patient_185_node_0,patient_185_node_0/patient_185_node_0.tif
patient_185_node_1,patient_185_node_1/patient_185_node_1.tif
patient_185_node_2,patient_185_node_2/patient_185_node_2.tif
patient_185_node_3,patient_185_node_3/patient_185_node_3.tif
patient_185_node_4,patient_185_node_4/patient_185_node_4.tif
patient_186_node_0,patient_186_node_0/patient_186_node_0.tif
patient_186_node_1,patient_186_node_1/patient_186_node_1.tif
patient_186_node_2,patient_186_node_2/patient_186_node_2.tif
patient_186_node_3,patient_186_node_3/patient_186_node_3.tif
patient_186_node_4,patient_186_node_4/patient_186_node_4.tif
patient_187_node_0,patient_187_node_0/patient_187_node_0.tif
patient_187_node_1,patient_187_node_1/patient_187_node_1.tif
patient_187_node_2,patient_187_node_2/patient_187_node_2.tif
patient_187_node_3,patient_187_node_3/patient_187_node_3.tif
patient_187_node_4,patient_187_node_4/patient_187_node_4.tif
patient_188_node_0,patient_188_node_0/patient_188_node_0.tif
patient_188_node_1,patient_188_node_1/patient_188_node_1.tif
patient_188_node_2,patient_188_node_2/patient_188_node_2.tif
patient_188_node_3,patient_188_node_3/patient_188_node_3.tif
patient_188_node_4,patient_188_node_4/patient_188_node_4.tif
patient_189_node_0,patient_189_node_0/patient_189_node_0.tif
patient_189_node_1,patient_189_node_1/patient_189_node_1.tif
patient_189_node_2,patient_189_node_2/patient_189_node_2.tif
patient_189_node_3,patient_189_node_3/patient_189_node_3.tif
patient_189_node_4,patient_189_node_4/patient_189_node_4.tif
patient_190_node_0,patient_190_node_0/patient_190_node_0.tif
patient_190_node_1,patient_190_node_1/patient_190_node_1.tif
patient_190_node_2,patient_190_node_2/patient_190_node_2.tif
patient_190_node_3,patient_190_node_3/patient_190_node_3.tif
patient_190_node_4,patient_190_node_4/patient_190_node_4.tif
patient_191_node_0,patient_191_node_0/patient_191_node_0.tif
patient_191_node_1,patient_191_node_1/patient_191_node_1.tif
patient_191_node_2,patient_191_node_2/patient_191_node_2.tif
patient_191_node_3,patient_191_node_3/patient_191_node_3.tif
patient_191_node_4,patient_191_node_4/patient_191_node_4.tif
patient_192_node_0,patient_192_node_0/patient_192_node_0.tif
patient_192_node_1,patient_192_node_1/patient_192_node_1.tif
patient_192_node_2,patient_192_node_2/patient_192_node_2.tif
patient_192_node_3,patient_192_node_3/patient_192_node_3.tif
patient_192_node_4,patient_192_node_4/patient_192_node_4.tif
patient_193_node_0,patient_193_node_0/patient_193_node_0.tif
patient_193_node_1,patient_193_node_1/patient_193_node_1.tif
patient_193_node_2,patient_193_node_2/patient_193_node_2.tif
patient_193_node_3,patient_193_node_3/patient_193_node_3.tif
patient_193_node_4,patient_193_node_4/patient_193_node_4.tif
patient_194_node_0,patient_194_node_0/patient_194_node_0.tif
patient_194_node_1,patient_194_node_1/patient_194_node_1.tif
patient_194_node_2,patient_194_node_2/patient_194_node_2.tif
patient_194_node_3,patient_194_node_3/patient_194_node_3.tif
patient_194_node_4,patient_194_node_4/patient_194_node_4.tif
patient_195_node_0,patient_195_node_0/patient_195_node_0.tif
patient_195_node_1,patient_195_node_1/patient_195_node_1.tif
patient_195_node_2,patient_195_node_2/patient_195_node_2.tif
patient_195_node_3,patient_195_node_3/patient_195_node_3.tif
patient_195_node_4,patient_195_node_4/patient_195_node_4.tif
patient_196_node_0,patient_196_node_0/patient_196_node_0.tif
patient_196_node_1,patient_196_node_1/patient_196_node_1.tif
patient_196_node_2,patient_196_node_2/patient_196_node_2.tif
patient_196_node_3,patient_196_node_3/patient_196_node_3.tif
patient_196_node_4,patient_196_node_4/patient_196_node_4.tif
patient_197_node_0,patient_197_node_0/patient_197_node_0.tif
patient_197_node_1,patient_197_node_1/patient_197_node_1.tif
patient_197_node_2,patient_197_node_2/patient_197_node_2.tif
patient_197_node_3,patient_197_node_3/patient_197_node_3.tif
patient_197_node_4,patient_197_node_4/patient_197_node_4.tif
patient_198_node_0,patient_198_node_0/patient_198_node_0.tif
patient_198_node_1,patient_198_node_1/patient_198_node_1.tif
patient_198_node_2,patient_198_node_2/patient_198_node_2.tif
patient_198_node_3,patient_198_node_3/patient_198_node_3.tif
patient_198_node_4,patient_198_node_4/patient_198_node_4.tif
patient_199_node_0,patient_199_node_0/patient_199_node_0.tif
patient_199_node_1,patient_199_node_1/patient_199_node_1.tif
patient_199_node_2,patient_199_node_2/patient_199_node_2.tif
patient_199_node_3,patient_199_node_3/patient_199_node_3.tif
patient_199_node_4,patient_199_node_4/patient_199_node_4.tif
